{
	"disable_title": {
		"no": "Skrudd av mulighet for automatisk innlogging for denne nettleseren",
		"nn": "Skrudd av moglegheit for automatisk innlogging for denne nettlesaren",
		"sv": "St\u00e4ngde av m\u00f6jligheten att anv\u00e4nda automatisk inloggning f\u00f6r denna webbl\u00e4sare",
		"fr": "La possibilit\u00e9 d'utiliser la connection automatique est d\u00e9sactiv\u00e9e pour ce navigateur",
		"et": "Seda lehek\u00fclge k\u00fclastades l\u00fclitasid automaatse sisselogimise selles brauseris v\u00e4lja.",
		"lt": "I\u0161jungta galimyb\u0117 naudoti automatin\u012f prisijungim\u0105 \u0161ioje nar\u0161ykl\u0117je",
		"sr": "Mogu\u0107nost automatske prijave je za ovaj pretra\u017eiva\u010d isklju\u010dena",
		"it": "Login automatico disabilitato per questo browser.",
		"nl": "Mogelijkheid tot automatisch inloggen voor deze browser uitgeschakeld",
		"es": "La identificaci\u00f3n autom\u00e1tica en este navegador se ha deshabilitado.",
		"ro": "Posibilitatea utiliz\u0103rii autentific\u0103rii automate a fost dezactivat\u0103 pentru acest browser",
		"ar": "\u0644\u0642\u062f \u062a\u0645 \u0625\u064a\u0642\u0627\u0641 \u062e\u0627\u0635\u064a\u0629 \u0627\u0644\u062f\u062e\u0648\u0644 \u0627\u0644\u062a\u0644\u0642\u0627\u0626\u064a \u0641\u064a \u0647\u0630\u0627 \u0627\u0644\u0645\u062a\u0635\u0641\u062d ",
		"ru": "\u041e\u0442\u043a\u043b\u044e\u0447\u0438\u0442\u044c \u0444\u0443\u043d\u043a\u0446\u0438\u044e \u0430\u0432\u0442\u043e\u043c\u0430\u0442\u0438\u0447\u0435\u0441\u043a\u043e\u0433\u043e \u043b\u043e\u0433\u0438\u043d\u0430 \u0434\u043b\u044f \u0434\u0430\u043d\u043d\u043e\u0433\u043e \u0431\u0440\u0430\u0443\u0437\u0435\u0440\u0430",
		"cs": "Mo\u017enost pou\u017eit\u00ed automatick\u00e9ho p\u0159ihl\u00e1\u0161en\u00ed pro tento prohl\u00ed\u017ee\u010d vypnuta"
	},
	"disable_info_pre": {
		"no": "<p>Ved \u00e5 g\u00e5 til denne siden har du skrudd av muligheten for automatisk innlogging for denne nettleseren.<\/p><p>For \u00e5 skru p\u00e5 igjen muligheten, kan du g\u00e5 til <a href='URL'>denne siden<\/a>.<\/p>",
		"nn": "<p>Ved \u00e5 g\u00e5 til denne siden har du skrudd av moglegheit for automatisk innlogging for denne nettlesaren.<\/p><p>For \u00e5 skru p\u00e5 igjen moglegheita, kan du g\u00e5 til <a href='URL'>denne siden<\/a>.<\/p>",
		"sv": "<p>Genom att bes\u00f6ka denna sida har du st\u00e4ngt av m\u00f6jligheten att anv\u00e4nda automatisk inloggning f\u00f6r denna webbl\u00e4sare.<\/p><p>F\u00f6r att sl\u00e5 p\u00e5 m\u00f6jligheten igen bes\u00f6k <a href='URL'>denna sida<\/a>.<\/p>",
		"fr": "<p>En acc\u00e9dant \u00e0 cette page, vous avez d\u00e9sactiv\u00e9 la possibilit\u00e9 d'utiliser la connection automatique pour ce navigateur.<\/p><p>Pour l'activer \u00e0 nouveau, merci de visiter <a href='URL'>cette page<\/a>.<\/p>",
		"et": "<p>Seda lehek\u00fclge k\u00fclastades l\u00fclitasid automaatse sisselogimise selles brauseris v\u00e4lja.<\/p><p>Sisse l\u00fclitamiseks k\u00fclasta <a href='URL'>seda lehek\u00fclge<\/a>.<\/p>",
		"lt": "<p>Jungdamiesi \u012f \u0161i\u0105 setain\u0119, J\u016bs i\u0161jung\u0117te galimyb\u0119 naudoti automatin\u012f prisijungim\u0105 \u0161ioje nar\u0161ykl\u0117je.<\/p><p>Nor\u0117dami j\u012f v\u0117l \u012fjungti, apsilankykite <a href='URL'>\u0161ioje svetain\u0117je<\/a>.<\/p>",
		"sr": "<p>Pristupanjem na ovu stranicu, ovaj pretra\u017eiva\u010d ste za isklju\u010dili mogu\u0107nost automatske prijave.<\/p><p>Da bi ste opet uklju\u010dili ovu mogu\u0107nost, molim vas posetite <a href='URL'>ovu stranicu<\/a>.<\/p>",
		"it": "<p>Per accedere a questa pagina devi disabilitare il login automatico sul tuo browser<\/p><p>Per riattivarlo visita <a href='URL'>questa pagina<\/a>.<\/p>",
		"nl": "<p>Middels het laden van deze pagina heeft u de mogelijkheid tot automatisch inloggen uitgeschakeld voor deze browser.<\/p><p>Om dit weer in te schakelen, bezoekt u <a href='URL'>deze pagina<\/a>.<\/p>",
		"es": "<p>Al acceder a esta p\u00e1gina, ha deshabilitado la posibilidad de identificarse autom\u00e1ticamente en este navegador.<\/p><p>Para habilitarla de nuevo, por favor, visite <a href='URL'>esta p\u00e1gina<\/a>.<\/p>",
		"ro": "<p>Prin accesarea acestei pagini a\u021bi dezactivat posibilitatea utiliz\u0103rii autentific\u0103rii automate pentru acest browser.<\/p><p>Pentru a activa din nou aceast\u0103 posibilitate v\u0103 rug\u0103m s\u0103 accesa\u021bi <a href=\"URL\">aceast\u0103 pagin\u0103<\/a>.<\/p>",
		"ar": "<p>\u0628\u062f\u062e\u0648\u0644\u0643 \u0639\u0644\u0649 \u0647\u0630\u0647 \u0627\u0644\u0635\u0641\u062d\u0629, \u0641\u0642\u062f \u0642\u0645\u062a \u0628\u0625\u064a\u0642\u0627\u0641 \u062e\u0627\u0635\u064a\u0629 \u0627\u0644\u062f\u062e\u0648\u0644 \u0627\u0644\u062a\u0644\u0642\u0627\u0626\u064a \u0645\u0646 \u0627\u0644\u0645\u062a\u0635\u0641\u062d.<\/p><p>\u0644\u0625\u0639\u0627\u062f\u0629 \u062a\u0634\u063a\u064a\u0644\u0647\u0627 \u0645\u0631\u0629 \u0623\u062e\u0631\u0649 \u0642\u0645 \u0628\u0632\u064a\u0627\u0631\u0629 <a href='URL'>\u0647\u0630\u0647 \u0627\u0644\u0635\u0641\u062d\u0629<\/a>.<\/p>",
		"ru": "<p>\u0412\u043e\u0439\u0434\u044f \u043d\u0430 \u044d\u0442\u0443 \u0441\u0442\u0440\u0430\u043d\u0438\u0446\u0443, \u0412\u044b \u043e\u0442\u043a\u043b\u044e\u0447\u0438\u043b\u0438 \u0432\u043e\u0437\u043c\u043e\u0436\u043d\u043e\u0441\u0442\u044c \u0438\u0441\u043f\u043e\u043b\u044c\u0437\u043e\u0432\u0430\u0442\u044c \u0444\u0443\u043d\u043a\u0446\u0438\u044e \u0430\u0432\u0442\u043e\u043c\u0430\u0442\u0438\u0447\u0435\u0441\u043a\u043e\u0433\u043e \u043b\u043e\u0433\u0438\u043d\u0430 \u0432 \u0434\u0430\u043d\u043d\u043e\u043c \u0431\u0440\u0430\u0443\u0437\u0435\u0440\u0435.<\/p><p>\u0414\u043b\u044f \u043f\u043e\u0432\u0442\u043e\u0440\u043d\u043e\u0433\u043e \u0432\u043a\u043b\u044e\u0447\u0435\u043d\u0438\u044f \u043f\u043e\u0441\u0435\u0442\u0438\u0442\u0435 <a href='URL'>\u044d\u0442\u0443 \u0441\u0442\u0440\u0430\u043d\u0438\u0446\u0443<\/a>.<\/p>",
		"cs": "<p>P\u0159\u00edstupem na tuto str\u00e1nku jste vypnuli mo\u017enost pou\u017e\u00edt automatick\u00e9 p\u0159ihl\u00e1\u0161en\u00ed pro tento prohl\u00ed\u017ee\u010d.<\/p><p>Pro jej\u00ed zapnut\u00ed, pros\u00edm, nav\u0161tivte <a href='URL'>tuto str\u00e1nku<\/a>.<\/p>"
	},
	"enable_title": {
		"no": "Skrudd p\u00e5 mulighet for automatisk innlogging for denne nettleseren",
		"nn": "Skrudd p\u00e5 moglegheit for automatisk innlogging for denne nettlesaren",
		"sv": "Aktiverade m\u00f6jligheten att anv\u00e4nda automatisk inloggning f\u00f6r denna webbl\u00e4sare",
		"fr": "La possibilit\u00e9 d'utiliser la connection automatique est activ\u00e9e pour ce navigateur",
		"et": "L\u00fclitasid automaatse sisselogimise selles brauseris sisse",
		"lt": "\u012ejungta galimyb\u0117 naudoti automatin\u012f prisijungim\u0105 \u0161ioje nar\u0161ykl\u0117je",
		"sr": "Mogu\u0107nost automatske prijave je za ovaj pretra\u017eiva\u010d uklju\u010dena",
		"it": "Login automatico per questo browser attivato.",
		"nl": "Mogelijkheid tot automatisch inloggen voor deze browser ingeschakeld",
		"es": "La identificaci\u00f3n autom\u00e1tica en este navegador se ha habilitado.",
		"ro": "Posibilitatea utiliz\u0103rii autentific\u0103rii automate a fost activat\u0103 pentru acest browser",
		"ar": "\u0644\u0642\u062f \u062a\u0645 \u062a\u0641\u0639\u064a\u0644 \u062e\u0627\u0635\u064a\u0629 \u0627\u0644\u062f\u062e\u0648\u0644 \u0627\u0644\u062a\u0644\u0642\u0627\u0626\u064a \u0641\u064a \u0647\u0630\u0627 \u0627\u0644\u0645\u062a\u0635\u0641\u062d",
		"ru": "\u0412\u043e\u0437\u043c\u043e\u0436\u043d\u043e\u0441\u0442\u044c \u0438\u0441\u043f\u043e\u043b\u044c\u0437\u043e\u0432\u0430\u0442\u044c \u0444\u0443\u043d\u043a\u0446\u0438\u044e \u0430\u0432\u0442\u043e\u043c\u0430\u0442\u0438\u0447\u0435\u0441\u043a\u043e\u0433\u043e \u043b\u043e\u0433\u0438\u043d\u0430 \u0432 \u0434\u0430\u043d\u043d\u043e\u043c \u0431\u0440\u0430\u0443\u0437\u0435\u0440\u0435 \u043e\u0442\u043a\u043b\u044e\u0447\u0435\u043d\u0430",
		"cs": "Povolena mo\u017enost pou\u017eit\u00ed automatick\u00e9ho p\u0159ihl\u00e1\u0161en\u00ed pro tento prohl\u00ed\u017ee\u010d."
	},
	"enable_info_pre": {
		"no": "<p>Ved \u00e5 g\u00e5 til denne siden har du skrudd p\u00e5 muligheten for automatisk innlogging for denne nettleseren.<\/p><p>For \u00e5 skru av igjen muligheten, kan du g\u00e5 til <a href='URL'>denne siden<\/a>.<\/p>",
		"nn": "<p>Ved \u00e5 g\u00e5 til denne siden har du skrudd p\u00e5 moglegheit for automatisk innlogging for denne nettlesaren.<\/p><p>For \u00e5 skru av igjen moglegheita, kan du g\u00e5 til <a href='URL'>denne siden<\/a>.<\/p>",
		"sv": "<p>Genom att bes\u00f6ka denna sida har du aktiverat m\u00f6jligheten att anv\u00e4nda automatisk inloggning f\u00f6r denna webbl\u00e4sare.<\/p><p>F\u00f6r att sl\u00e5 av m\u00f6jligheten igen bes\u00f6k <a href='URL'>denna sida<\/a>.<\/p>",
		"fr": "<p>En acc\u00e9dant \u00e0 cette page, vous avez activ\u00e9 la possibilit\u00e9 d'utiliser la connection automatique pour ce navigateur.<\/p><p>Pour la d\u00e9sactiver \u00e0 nouveau, merci de visiter <a href='URL'>cette page<\/a>.<\/p>",
		"et": "<p>Seda lehek\u00fclge k\u00fclastades l\u00fclitasid automaatse sisselogimise selles brauseris sisse.<\/p><p>V\u00e4lja l\u00fclitamiseks k\u00fclasta <a href='URL'>seda lehek\u00fclge<\/a>.<\/p>",
		"lt": "<p>Jungdamiesi \u012f \u0161i\u0105 setain\u0119, J\u016bs \u012fjung\u0117te galimyb\u0119 naudoti automatin\u012f prisijungim\u0105 \u0161ioje nar\u0161ykl\u0117je.<\/p><p>Nor\u0117dami j\u012f v\u0117l i\u0161jungti, apsilankykite <a href='URL'>\u0161ioje svetain\u0117je<\/a>.<\/p>",
		"sr": "<p>Pristupanjem na ovu stranicu, ovaj pretra\u017eiva\u010d ste za uklju\u010dili mogu\u0107nost automatske prijave.<\/p><p>Da bi ste opet isklju\u010dili ovu mogu\u0107nost, molim vas posetite <a href='URL'>ovu stranicu<\/a>.<\/p>",
		"it": "<p>Per accedere a questa pagina devi abilitare il login automatico sul tuo browser<\/p><p>Per riattivarlo visita <a href='URL'>questa pagina<\/a>.<\/p>",
		"nl": "<p>Middels het laden van deze pagina heeft u de mogelijkheid tot automatisch inloggen ingeschakeld voor deze browser.<\/p><p>Om dit weer uit te schakelen, bezoekt u <a href='URL'>deze pagina<\/a>.<\/p>",
		"es": "<p>Al acceder a esta p\u00e1gina, ha habilitado la identificaci\u00f3n autom\u00e1tica en este navegador.<\/p><p>Para deshabilitarlo de nuevo, por favor, visite <a href='URL'>esta p\u00e1gina<\/a>.<\/p>",
		"ro": "<p>Prin accesarea acestei pagini a\u021bi activat posibilitatea utiliz\u0103rii autentific\u0103rii automate pentru acest browser.<\/p><p>Pentru a dezactiva aceast\u0103 posibilitate v\u0103 rug\u0103m s\u0103 accesa\u021bi <a href=\"URL\">aceast\u0103 pagin\u0103<\/a>.<\/p>",
		"ar": "<p>\u0628\u062f\u062e\u0648\u0644\u0643 \u0639\u0644\u0649 \u0647\u0630\u0647 \u0627\u0644\u0635\u0641\u062d\u0629, \u0641\u0642\u062f \u0642\u0645\u062a \u0628\u062a\u0641\u0639\u064a\u0644 \u062e\u0627\u0635\u064a\u0629 \u0627\u0644\u062f\u062e\u0648\u0644 \u0627\u0644\u062a\u0644\u0642\u0627\u0626\u064a \u0645\u0646 \u0627\u0644\u0645\u062a\u0635\u0641\u062d.<\/p><p>\u0644\u0625\u0639\u0627\u062f\u0629 \u0625\u064a\u0642\u0627\u0641\u0647\u0627 \u0645\u0631\u0629 \u0623\u062e\u0631\u0649 \u0642\u0645 \u0628\u0632\u064a\u0627\u0631\u0629 <a href='URL'>\u0647\u0630\u0647 \u0627\u0644\u0635\u0641\u062d\u0629<\/a>.<\/p>",
		"ru": "<p>\u0412\u043e\u0439\u0434\u044f \u043d\u0430 \u044d\u0442\u0443 \u0441\u0442\u0440\u0430\u043d\u0438\u0446\u0443, \u0412\u044b \u0432\u043a\u043b\u044e\u0447\u0438\u043b\u0438 \u0432\u043e\u0437\u043c\u043e\u0436\u043d\u043e\u0441\u0442\u044c \u0438\u0441\u043f\u043e\u043b\u044c\u0437\u043e\u0432\u0430\u0442\u044c \u0444\u0443\u043d\u043a\u0446\u0438\u044e \u0430\u0432\u0442\u043e\u043c\u0430\u0442\u0438\u0447\u0435\u0441\u043a\u043e\u0433\u043e \u043b\u043e\u0433\u0438\u043d\u0430 \u0432 \u0434\u0430\u043d\u043d\u043e\u043c \u0431\u0440\u0430\u0443\u0437\u0435\u0440\u0435.<\/p><p>\u0414\u043b\u044f \u0435\u0435 \u043e\u0442\u043a\u043b\u044e\u0447\u0435\u043d\u0438\u044f , \u043f\u043e\u0436\u0430\u043b\u0443\u0439\u0441\u0442\u0430, \u043f\u043e\u0441\u0435\u0442\u0438\u0442\u0435 <a href='URL'>\u044d\u0442\u0443 \u0441\u0442\u0440\u0430\u043d\u0438\u0446\u0443<\/a>.<\/p>",
		"cs": "<p>P\u0159\u00edstupem na tuto str\u00e1nku jste zapnuli mo\u017enost pou\u017e\u00edt automatick\u00e9 p\u0159ihl\u00e1\u0161en\u00ed pro tento prohl\u00ed\u017ee\u010d.<\/p><p>Pro jej\u00ed vypnut\u00ed, pros\u00edm, nav\u0161tivte <a href='URL'>tuto str\u00e1nku<\/a>.<\/p>"
	},
	"info_post": {
		"no": "<h3>Hva er automatisk innlogging<\/h3><\/p><p>Automatisk innlogging gj\u00f8r at man kan logge inn uten \u00e5 bli bedt om brukernavn og passord i noen tilfeller:<ul><li>hvis maskinen er i Kerberos domenet<\/li><li>og hvis man bruker en st\u00f8ttet nettleser (IE og noen flere avhengig av oppsett)<\/li><li>p\u00e5 et st\u00f8ttet operativsystem (Windows, Mac)<\/li><\/ul><\/p>",
		"nn": "<h3>Kva er automatisk innlogging<\/h3><\/p><p>Automatisk innlogging gj\u00f8r at man kan logge inn uten \u00e5 bli bedt om brukernavn og passord i noen tilfeller:<ul><li>hvis maskinen er i Kerberos domenet<\/li><li>og hvis man bruker en st\u00f8ttet nettleser (IE og noen flere avhengig av oppsett)<\/li><li>p\u00e5 et st\u00f8ttet operativsystem (Windows, Mac)<\/li><\/ul><\/p>",
		"sv": "<h3>Vad \u00e4r automatisk inloggning<\/h3><p>Automatisk inloggning inneb\u00e4r att du kan logga in utan att beh\u00f6va ange anv\u00e4ndarnamn och l\u00f6senord om<ul><li>om datorn finns i en kerberosdom\u00e4n<\/li><li>anv\u00e4nder en webbl\u00e4sare som kan hantera detta (Internet Explorer och n\u00e5gra andra beroende p\u00e5 installationsval)<\/li><li>anv\u00e4nder ett operativsystem som kan hantera detta (Windows, Mac OS X)<\/li><\/ul><\/p>",
		"fr": "<h3>Qu'est-ce que la connexion automatique<\/h3><p>La connection automatique vous permet de vous connecter sans qu'on vous demande le nom d'utilisateur et mot de passe :<ul><li>si l'ordinateur est dans le domaine Kerberos<\/li><li>\u00e0 l'aide d'un navigateur pris en charge (IE et quelques autres en fonction des options d'installation)<\/li><li>sur un syst\u00e8me d'exploitation pris en charge (Windows, Mac)<\/li><\/ul><\/p>",
		"et": "<h3>Mis on automaatne sisselogimine<\/h3>Automaatne sisselogimine v\u00f5imaldab sul logida sisse ilma kasutajatunnust ja parooli sisestamata: <ul><li>kui arvuti on Kerberos domeenis<\/li><li>kasutad toetatud brauserit (IE ja m\u00f5ned teised, s\u00f5ltuvalt paigaldusvalikutest)<\/li><li>ja toetatud operatsioonis\u00fcsteemi (Windows, Mac)<\/li><\/ul><\/p>",
		"lt": "<h3>Kas yra automatinis prisijungimas<\/h3><p>Automatinis prisijungimas suteikia galimyb\u0119 prisijungti ne\u012fvedant prisijungimo vardo ir slapta\u017eod\u017eio:<ul><li> jei kompiuteris priklauso Kerberos domenui<\/li><li> ir naudojama tinkama nar\u0161ykl\u0117 (IE ir kelios kitos, priklausomai nuo diegimo opcij\u0173)<\/li><li> tinkamoje operacin\u0117je sistemoje (Windows, Mac)<\/li><\/ul><\/p>",
		"sr": "<h3>\u0160ta je automatska prijava<\/h3><p>Automatska prijava vam omogu\u0107ava da se prijavite bez uno\u0161enja korisni\u010dkog imena i lozinke:<ul><li>ukoliko je kompjuter u Kerberos domenu<\/li><li>kori\u0161\u0107enjem pretra\u017eiva\u010da (IE i jo\u0161 neki zavisno od opcija prilikom instaliranja)<\/li><li>na odgovaraju\u0107em operativnom sistemu (Windows, Mac)<\/li><\/ul><\/p>",
		"it": "<h3>Cos'\u00e8 il login automatico<\/h3><p>Il login automatico ti permette di identificarti senza richiedere username e password:<ul><li>Se il computer \u00e8 in un dominio Kerberos<\/li><li>Se usi un browser supportato(per IE ed altri browser dipende dalle opzioni di installazione)<\/li><li>Su sistemi opererativi supportati(Windows, Mac<\/li><\/ul><\/p>",
		"nl": "<h3>Wat is automatisch inloggen?<\/h3><p>Automatisch inloggen stelt u in staat in te loggen zonder om een gebruikersnaam en wachtwoord gevraagd te worden:<ul><li>wanneer een computer zich in het Kerberos-domein bevindt<\/li><li>gebruikmakend van een ondersteunde browser (IE en enkele andere afhankelijk van installatieopties)<\/li><li>op een ondersteund besturingssysteem (Windows, Mac)<\/li><\/ul><\/p>",
		"es": "<h3>\u00bfQu\u00e9 es la identificaci\u00f3n autom\u00e1tica?<\/h3><p>La identificaci\u00f3n autom\u00e1tica le permite identificarse sin ser preguntado por su nombre de usuario y contrase\u00f1a:<ul><li>si su ordenador est\u00e1 en un dominio Kerberos<\/li><li>utilizando un navegador soportado (IE y otros, dependiendo de las opciones de instalaci\u00f3n)<\/li><li>en un sistema operativo soportado (Windows, Mac)<\/li><\/ul><\/p>",
		"ro": "<h3>Ce \u00eenseamn\u0103 autentificare automat\u0103<\/h3><p>Autentificarea automat\u0103 permite accesul \u00een sistem f\u0103r\u0103 s\u0103 vi se cear\u0103 un nume de utilizator \u0219i o parol\u0103:<ul><li>dac\u0103 calculatorul este \u00eentr-un domeniu Kerberos<\/li><li>se folose\u0219te un browser suportat (de exemplu Internet Explorer \u0219i altele, \u00een func\u021bie de op\u021biunile de instalare)<\/li><li>pe un sistem de operare suportat (Windows, MacOS)<\/li><\/ul><\/p>",
		"ar": "<h3>\u0627\u0644\u062f\u062e\u0648\u0644 \u0627\u0644\u062a\u0644\u0642\u0627\u0626\u064a<\/h3><p>\u0627\u0644\u062f\u062e\u0648\u0644 \u0627\u0644\u062a\u0644\u0642\u0627\u0626\u064a \u0647\u064a \u062e\u0627\u0635\u064a\u0629 \u0641\u064a \u0627\u0644\u0645\u062a\u0635\u0641\u062d \u062a\u0633\u0645\u062d \u0644\u0643 \u0628\u0627\u0644\u062f\u062e\u0648\u0644 \u0639\u0644\u0649 \u0627\u0644\u062e\u062f\u0645\u0627\u062a \u062f\u0648\u0646 \u0627\u0644\u062d\u0627\u062c\u0629 \u0644\u0643\u062a\u0627\u0628\u0629 \u0627\u0633\u0645 \u0627\u0644\u0645\u0633\u062a\u062e\u062f\u0645 \u0648\u0643\u0644\u0645\u0629 \u0627\u0644\u0645\u0631\u0648\u0631 \u0645\u0631\u0629 \u0623\u062e\u0631\u0649:<ul><li>\u0648\u064a\u0639\u062a\u0645\u062f \u0630\u0644\u0643 \u0639\u0644\u0649 \u0648\u062c\u0648\u062f\u0643 \u062f\u0627\u062e\u0644 \u0627\u0644\u0645\u062c\u0627\u0644 \u0627\u0644\u0623\u0645\u0646\u064a \u0644\u0645\u0642\u062f\u0645 \u0627\u0644\u062e\u062f\u0645\u0629<\/li><li>\u0648\u0628\u0627\u0633\u062a\u062e\u062f\u0627\u0645 \u0645\u062a\u0635\u0641\u062d\u0627\u062a \u0645\u0639\u064a\u0646\u0629 (\u0625\u0646\u062a\u0631\u0646\u062a \u0625\u0643\u0633\u0628\u0644\u0648\u0631\u0631 \u0645\u062b\u0644\u0627)<\/li><li>\u0648\u0628\u0634\u0631\u0637 \u062a\u0648\u0641\u0631 \u0646\u0638\u0627\u0645 \u062a\u0634\u063a\u064a\u0644 \u064a\u062f\u0639\u0645 \u0630\u0644\u0643 (\u0645\u062b\u0627\u0644 \u0627\u0644\u0648\u064a\u0646\u062f\u0648\u0632 \u0648\u0627\u0644\u0645\u0627\u0643)<\/li><\/ul><\/p>",
		"ru": "<h3>\u041e\u0431 \u0430\u0432\u0442\u043e\u043c\u0430\u0442\u0438\u0447\u0435\u0441\u043a\u043e\u043c \u0432\u0445\u043e\u0434\u0435<\/h3><p>\u0410\u0432\u0442\u043e\u043c\u0430\u0442\u0438\u0447\u0435\u0441\u043a\u0438\u0439 \u0432\u0445\u043e\u0434 \u043f\u043e\u0437\u0432\u043e\u043b\u044f\u0435\u0442 \u0432\u043e\u0439\u0442\u0438 \u0432 \u0441\u0438\u0441\u0442\u0435\u043c\u0443 \u0431\u0435\u0437 \u0437\u0430\u043f\u0440\u043e\u0441\u0430 \u043b\u043e\u0433\u0438\u043d\u0430 \u0438 \u043f\u0430\u0440\u043e\u043b\u044f:<ul><li>\u0435\u0441\u043b\u0438 \u0434\u0430\u043d\u043d\u044b\u0439 \u043a\u043e\u043c\u043f\u044c\u044e\u0442\u0435\u0440 \u0432 Kerberos \u0434\u043e\u043c\u0435\u043d\u0435<\/li><li>\u0438\u0441\u043f\u043e\u043b\u044c\u0437\u0443\u0435\u0442\u0441\u044f \u0441\u0442\u0430\u043d\u0434\u0430\u0440\u0442\u043d\u044b\u0439 \u0431\u0440\u0430\u0443\u0437\u0435\u0440 (IE \u0438 \u043d\u0435\u043a\u043e\u0442\u043e\u0440\u044b\u0435 \u0434\u0440\u0443\u0433\u0438\u0435 \u0432 \u0437\u0430\u0432\u0438\u0441\u0438\u043c\u043e\u0441\u0442\u0438 \u043e\u0442 \u043d\u0430\u0441\u0442\u0440\u043e\u0435\u043a \u043f\u0440\u0438 \u0443\u0441\u0442\u0430\u043d\u043e\u0432\u043a\u0435)<\/li><li>\u0438\u0441\u043f\u043e\u043b\u044c\u0437\u0443\u044e\u0442\u0441\u044f \u043f\u043e\u0434\u0434\u0435\u0440\u0436\u0438\u0432\u0430\u0435\u043c\u044b\u0435 \u043e\u043f\u0435\u0440\u0430\u0446\u0438\u043e\u043d\u043d\u044b\u0435 \u0441\u0438\u0441\u0442\u0435\u043c\u044b (Windows, Mac)<\/li><\/ul><\/p>",
		"cs": "<h3>Co je automatick\u00e9 p\u0159ihl\u00e1\u0161en\u00ed<\/h3><p>Automatick\u00e9 p\u0159ihl\u00e1\u0161en\u00ed V\u00e1m umo\u017en\u00ed p\u0159ihl\u00e1sit se bez zad\u00e1v\u00e1n\u00ed u\u017eivatelsk\u00e9ho jm\u00e9na a hesla: <ul><li>pokud je po\u010d\u00edta\u010d v dom\u00e9n\u011b Kerberos<\/li><li>a pou\u017e\u00edv\u00e1 podporovan\u00fd prohl\u00ed\u017ee\u010d (IE a n\u011bkter\u00e9 jin\u00e9 v z\u00e1vislosti na instalovan\u00fdch vlastnostech)<\/li><li>na podporovan\u00e9m opera\u010dn\u00edm syst\u00e9mu (Windows, Mac)<\/li><\/ul><\/p>"
	}
}
