[
    {
        "allowed_scope": "authorizations",
        "contact_email": null,
        "description": "This application can be used by end users to view and revoke application permissions.",
        "icon": null,
        "id": "html-manage-authorizations",
        "name": "Manage Authorizations",
        "redirect_uri": "http://oauth.org31/html-manage-authorizations/index.html",
        "secret": null,
        "type": "user_agent_based_application"
    },
    {
        "allowed_scope": "applications",
        "contact_email": null,
        "description": "This application can be used by administrators to manage applications.",
        "icon": null,
        "id": "html-manage-applications",
        "name": "Manage Applications",
        "redirect_uri": "http://oauth.org31/html-manage-applications/index.html",
        "secret": null,
        "type": "user_agent_based_application"
    }
]
